workers,simultaneous_rooms,trial,callback_start_order,room_id,queue_delay_ms,processing_ms
1,1,1,1,100011,16.367,61.673
1,1,2,1,100014,13.179,62.417
1,1,3,1,100015,14.975,62.013
1,1,4,1,100018,0.926,62.970
1,1,5,1,100019,0.610,62.108
1,1,6,1,100022,12.542,61.561
1,1,7,1,100023,1.471,63.844
1,2,1,1,100027,14.606,61.867
1,2,1,2,100028,76.456,61.771
1,2,2,1,100029,15.014,62.339
1,2,2,2,100030,77.292,61.974
1,2,3,1,100035,14.190,62.497
1,2,3,2,100036,76.870,62.016
1,2,4,1,100037,14.543,62.953
1,2,4,2,100038,77.510,62.165
1,2,5,1,100043,15.236,61.255
1,2,5,2,100044,76.518,62.971
1,2,6,1,100045,15.205,62.002
1,2,6,2,100046,77.128,62.882
1,2,7,1,100051,13.475,61.989
1,2,7,2,100052,75.456,62.118
1,4,1,1,100057,14.569,62.811
1,4,1,2,100058,77.328,61.618
1,4,1,3,100059,139.113,61.868
1,4,1,4,100060,201.089,61.762
1,4,2,1,100061,15.582,62.538
1,4,2,2,100062,78.134,63.103
1,4,2,3,100063,141.291,62.539
1,4,2,4,100064,203.837,61.826
1,4,3,1,100073,14.000,62.023
1,4,3,2,100074,76.223,62.195
1,4,3,3,100075,138.490,61.152
1,4,3,4,100076,199.740,62.763
1,4,4,1,100077,2.859,61.122
1,4,4,2,100078,64.070,61.835
1,4,4,3,100079,126.001,62.090
1,4,4,4,100080,188.169,62.599
1,4,5,1,100089,14.257,62.146
1,4,5,2,100090,76.417,62.237
1,4,5,3,100091,138.755,62.115
1,4,5,4,100092,201.238,63.075
1,4,6,1,100093,13.796,62.128
1,4,6,2,100094,75.909,62.041
1,4,6,3,100095,138.138,62.369
1,4,6,4,100096,200.588,62.119
1,4,7,1,100105,15.342,61.903
1,4,7,2,100106,77.318,62.679
1,4,7,3,100107,140.032,62.658
1,4,7,4,100108,202.836,62.479
1,8,1,1,100117,1.041,62.661
1,8,1,2,100118,63.949,61.790
1,8,1,3,100119,125.868,61.382
1,8,1,4,100120,187.513,62.171
1,8,1,5,100121,249.896,61.961
1,8,1,6,100122,311.948,61.771
1,8,1,7,100123,373.799,62.675
1,8,1,8,100124,436.521,62.725
1,8,2,1,100125,15.546,61.811
1,8,2,2,100126,77.478,63.100
1,8,2,3,100127,140.589,62.179
1,8,2,4,100128,202.828,62.443
1,8,2,5,100129,265.329,63.017
1,8,2,6,100130,328.440,61.206
1,8,2,7,100131,389.690,62.005
1,8,2,8,100132,451.776,62.001
1,8,3,1,100149,13.461,63.504
1,8,3,2,100150,76.984,62.459
1,8,3,3,100151,139.561,62.119
1,8,3,4,100152,201.737,62.770
1,8,3,5,100153,264.727,62.323
1,8,3,6,100154,327.074,62.687
1,8,3,7,100155,389.822,63.455
1,8,3,8,100156,453.362,63.260
1,8,4,1,100157,14.792,62.804
1,8,4,2,100158,77.587,63.167
1,8,4,3,100159,140.850,61.535
1,8,4,4,100160,202.381,61.502
1,8,4,5,100161,263.949,61.248
1,8,4,6,100162,325.293,60.551
1,8,4,7,100163,386.034,62.246
1,8,4,8,100164,448.320,61.908
1,8,5,1,100181,0.263,62.662
1,8,5,2,100182,62.950,60.837
1,8,5,3,100183,123.879,61.374
1,8,5,4,100184,185.346,62.730
1,8,5,5,100185,248.179,62.475
1,8,5,6,100186,310.741,61.713
1,8,5,7,100187,372.548,62.453
1,8,5,8,100188,435.074,61.295
1,8,6,1,100189,13.539,63.142
1,8,6,2,100190,76.615,62.835
1,8,6,3,100191,139.477,62.998
1,8,6,4,100192,202.541,62.390
1,8,6,5,100193,265.024,62.080
1,8,6,6,100194,327.184,61.876
1,8,6,7,100195,389.166,62.698
1,8,6,8,100196,451.941,61.534
1,8,7,1,100213,12.800,62.665
1,8,7,2,100214,75.493,60.712
1,8,7,3,100215,136.302,62.726
1,8,7,4,100216,199.174,62.361
1,8,7,5,100217,261.637,62.165
1,8,7,6,100218,323.843,62.906
1,8,7,7,100219,386.791,62.659
1,8,7,8,100220,449.496,63.876
1,16,1,1,100237,1.218,61.343
1,16,1,2,100238,62.583,62.002
1,16,1,3,100239,124.834,60.996
1,16,1,4,100240,185.960,60.790
1,16,1,5,100241,246.785,61.747
1,16,1,6,100242,308.626,61.951
1,16,1,7,100243,370.731,61.746
1,16,1,8,100244,432.635,62.703
1,16,1,9,100245,495.421,62.747
1,16,1,10,100246,558.222,61.876
1,16,1,11,100247,620.144,63.426
1,16,1,12,100248,683.650,62.622
1,16,1,13,100249,746.353,62.147
1,16,1,14,100250,808.547,62.362
1,16,1,15,100251,870.985,62.505
1,16,1,16,100252,933.631,61.577
1,16,2,1,100253,15.151,61.091
1,16,2,2,100254,76.222,61.673
1,16,2,3,100255,138.297,60.951
1,16,2,4,100256,199.541,62.111
1,16,2,5,100257,261.746,61.884
1,16,2,6,100258,323.805,62.370
1,16,2,7,100259,386.239,62.131
1,16,2,8,100260,448.520,62.064
1,16,2,9,100261,510.658,62.328
1,16,2,10,100262,573.053,62.021
1,16,2,11,100263,635.182,61.663
1,16,2,12,100264,696.798,61.922
1,16,2,13,100265,758.885,62.305
1,16,2,14,100266,821.256,61.645
1,16,2,15,100267,883.012,63.632
1,16,2,16,100268,946.724,64.042
1,16,3,1,100301,14.880,61.542
1,16,3,2,100302,76.390,63.980
1,16,3,3,100303,140.399,61.929
1,16,3,4,100304,202.326,62.554
1,16,3,5,100305,264.944,62.178
1,16,3,6,100306,327.207,62.615
1,16,3,7,100307,389.899,62.002
1,16,3,8,100308,452.032,62.940
1,16,3,9,100309,515.232,61.313
1,16,3,10,100310,576.599,62.429
1,16,3,11,100311,639.089,64.028
1,16,3,12,100312,703.149,61.609
1,16,3,13,100313,764.823,62.731
1,16,3,14,100314,827.604,62.385
1,16,3,15,100315,890.031,63.293
1,16,3,16,100316,953.347,62.117
1,16,4,1,100317,1.251,61.639
1,16,4,2,100318,62.917,62.776
1,16,4,3,100319,125.712,62.657
1,16,4,4,100320,188.453,61.522
1,16,4,5,100321,250.081,62.878
1,16,4,6,100322,313.111,62.528
1,16,4,7,100323,375.784,62.000
1,16,4,8,100324,437.791,63.327
1,16,4,9,100325,501.177,62.812
1,16,4,10,100326,564.045,63.790
1,16,4,11,100327,627.938,62.145
1,16,4,12,100328,690.137,63.151
1,16,4,13,100329,753.331,62.609
1,16,4,14,100330,815.999,62.338
1,16,4,15,100331,878.389,62.828
1,16,4,16,100332,941.283,61.580
1,16,5,1,100365,14.505,63.028
1,16,5,2,100366,77.529,62.347
1,16,5,3,100367,139.904,62.555
1,16,5,4,100368,202.485,62.387
1,16,5,5,100369,264.927,62.862
1,16,5,6,100370,327.850,61.852
1,16,5,7,100371,389.754,61.790
1,16,5,8,100372,451.582,62.910
1,16,5,9,100373,514.512,62.392
1,16,5,10,100374,576.979,61.361
1,16,5,11,100375,638.371,61.552
1,16,5,12,100376,699.971,62.907
1,16,5,13,100377,762.972,62.536
1,16,5,14,100378,825.568,62.229
1,16,5,15,100379,887.852,62.907
1,16,5,16,100380,950.812,62.946
1,16,6,1,100381,13.801,63.008
1,16,6,2,100382,76.996,61.457
1,16,6,3,100383,138.494,62.667
1,16,6,4,100384,201.982,60.505
1,16,6,5,100385,262.505,62.139
1,16,6,6,100386,324.700,61.649
1,16,6,7,100387,386.396,62.180
1,16,6,8,100388,448.618,63.361
1,16,6,9,100389,512.012,61.750
1,16,6,10,100390,573.791,62.071
1,16,6,11,100391,635.897,61.337
1,16,6,12,100392,697.282,61.390
1,16,6,13,100393,758.611,61.874
1,16,6,14,100394,820.756,62.031
1,16,6,15,100395,882.744,64.192
1,16,6,16,100396,947.046,62.807
1,16,7,1,100429,13.795,62.149
1,16,7,2,100430,75.938,63.032
1,16,7,3,100431,139.004,62.094
1,16,7,4,100432,201.151,60.815
1,16,7,5,100433,262.005,61.901
1,16,7,6,100434,323.927,62.250
1,16,7,7,100435,386.215,63.279
1,16,7,8,100436,449.477,62.389
1,16,7,9,100437,511.882,62.961
1,16,7,10,100438,574.876,62.272
1,16,7,11,100439,637.192,63.396
1,16,7,12,100440,700.609,62.795
1,16,7,13,100441,763.535,62.663
1,16,7,14,100442,826.249,62.557
1,16,7,15,100443,888.832,62.491
1,16,7,16,100444,951.339,60.824
4,1,1,1,100012,5.760,62.514
4,1,2,1,100013,12.834,61.832
4,1,3,1,100016,13.204,62.498
4,1,4,1,100017,14.824,62.627
4,1,5,1,100020,13.649,61.787
4,1,6,1,100021,14.751,62.164
4,1,7,1,100024,14.011,62.012
4,2,1,1,100025,15.920,61.637
4,2,1,2,100026,15.847,61.472
4,2,2,1,100032,13.914,62.844
4,2,2,2,100031,14.070,62.787
4,2,3,1,100034,0.806,62.495
4,2,3,2,100033,0.980,62.402
4,2,4,1,100039,12.813,63.050
4,2,4,2,100040,12.784,62.911
4,2,5,1,100042,15.287,63.380
4,2,5,2,100041,15.494,63.260
4,2,6,1,100048,15.683,62.141
4,2,6,2,100047,15.876,62.022
4,2,7,1,100050,14.058,61.958
4,2,7,2,100049,14.224,61.867
4,4,1,1,100053,14.660,62.506
4,4,1,2,100054,14.668,62.405
4,4,1,3,100055,14.720,62.308
4,4,1,4,100056,14.835,62.178
4,4,2,1,100065,15.234,62.396
4,4,2,2,100066,15.255,62.320
4,4,2,3,100067,15.311,62.271
4,4,2,4,100068,15.368,62.147
4,4,3,1,100069,13.058,62.280
4,4,3,2,100070,13.082,62.130
4,4,3,3,100071,13.217,61.989
4,4,3,4,100072,13.243,61.978
4,4,4,1,100081,0.870,62.894
4,4,4,2,100082,0.869,62.801
4,4,4,3,100083,0.880,62.777
4,4,4,4,100084,0.892,62.749
4,4,5,1,100085,14.013,62.852
4,4,5,2,100086,14.154,62.644
4,4,5,3,100087,14.204,62.570
4,4,5,4,100088,14.276,62.476
4,4,6,1,100097,14.307,62.872
4,4,6,2,100098,14.309,62.788
4,4,6,3,100099,14.320,62.746
4,4,6,4,100100,14.336,62.717
4,4,7,1,100101,13.777,63.336
4,4,7,2,100102,13.745,63.244
4,4,7,3,100103,13.795,63.183
4,4,7,4,100104,13.619,63.106
4,8,1,1,100110,14.876,62.553
4,8,1,2,100109,14.989,62.522
4,8,1,3,100111,14.968,62.436
4,8,1,4,100112,14.974,62.439
4,8,1,5,100113,77.474,62.084
4,8,1,6,100114,77.196,62.079
4,8,1,7,100115,77.265,61.943
4,8,1,8,100116,77.173,61.926
4,8,2,1,100133,16.153,61.781
4,8,2,2,100134,16.149,61.706
4,8,2,3,100135,16.167,61.695
4,8,2,4,100136,16.180,61.634
4,8,2,5,100137,77.906,62.175
4,8,2,6,100138,77.928,62.255
4,8,2,7,100139,77.915,62.224
4,8,2,8,100140,77.924,62.117
4,8,3,1,100141,13.992,61.370
4,8,3,2,100142,14.158,61.127
4,8,3,3,100143,14.191,61.080
4,8,3,4,100144,14.246,61.000
4,8,3,5,100145,75.326,63.144
4,8,3,6,100146,75.361,63.049
4,8,3,7,100147,75.371,63.031
4,8,3,8,100148,75.383,63.016
4,8,4,1,100166,13.858,62.893
4,8,4,2,100165,13.934,62.861
4,8,4,3,100167,13.919,62.643
4,8,4,4,100168,13.922,62.746
4,8,4,5,100169,76.663,63.280
4,8,4,6,100170,76.753,63.136
4,8,4,7,100171,76.767,63.135
4,8,4,8,100172,76.770,63.135
4,8,5,1,100173,14.251,62.742
4,8,5,2,100174,14.329,62.597
4,8,5,3,100175,14.373,62.546
4,8,5,4,100176,14.389,62.525
4,8,5,5,100177,76.944,63.565
4,8,5,6,100178,76.939,63.554
4,8,5,7,100179,76.888,63.496
4,8,5,8,100180,76.880,63.542
4,8,6,1,100197,13.755,61.500
4,8,6,2,100198,13.775,61.322
4,8,6,3,100199,13.552,61.232
4,8,6,4,100200,13.514,61.223
4,8,6,5,100201,74.815,62.056
4,8,6,6,100202,74.834,61.980
4,8,6,7,100203,74.827,61.962
4,8,6,8,100204,74.865,61.915
4,8,7,1,100205,13.523,62.830
4,8,7,2,100206,13.649,62.620
4,8,7,3,100207,13.778,62.459
4,8,7,4,100208,13.795,62.423
4,8,7,5,100209,76.310,61.357
4,8,7,6,100210,76.312,61.358
4,8,7,7,100211,76.339,61.302
4,8,7,8,100212,76.391,61.245
4,16,1,1,100221,0.630,62.545
4,16,1,2,100222,0.623,62.516
4,16,1,3,100223,0.634,62.459
4,16,1,4,100224,0.637,62.454
4,16,1,5,100225,63.149,63.280
4,16,1,6,100226,63.150,63.279
4,16,1,7,100227,63.153,63.307
4,16,1,8,100228,63.181,63.227
4,16,1,9,100229,126.468,63.999
4,16,1,10,100230,126.437,63.978
4,16,1,11,100231,126.430,63.972
4,16,1,12,100232,126.429,63.966
4,16,1,13,100233,190.426,63.139
4,16,1,14,100234,190.410,63.134
4,16,1,15,100235,190.439,63.117
4,16,1,16,100236,190.469,63.062
4,16,2,1,100269,15.044,62.877
4,16,2,2,100270,15.041,62.817
4,16,2,3,100271,15.082,62.773
4,16,2,4,100272,15.155,62.690
4,16,2,5,100273,77.921,61.086
4,16,2,6,100274,77.947,61.025
4,16,2,7,100275,77.963,61.007
4,16,2,8,100276,77.984,60.954
4,16,2,9,100277,138.954,62.843
4,16,2,10,100278,138.978,62.820
4,16,2,11,100279,138.978,62.774
4,16,2,12,100280,139.017,62.678
4,16,2,13,100281,201.762,63.160
4,16,2,14,100282,201.816,63.088
4,16,2,15,100283,201.839,63.147
4,16,2,16,100284,201.843,63.120
4,16,3,1,100286,14.008,61.657
4,16,3,2,100285,14.097,61.599
4,16,3,3,100287,14.125,61.429
4,16,3,4,100288,14.174,61.376
4,16,3,5,100289,75.616,62.585
4,16,3,6,100290,75.628,62.525
4,16,3,7,100291,75.661,62.446
4,16,3,8,100292,75.699,62.509
4,16,3,9,100293,138.161,62.292
4,16,3,10,100294,138.140,62.271
4,16,3,11,100295,138.143,62.266
4,16,3,12,100296,138.193,62.181
4,16,3,13,100297,200.409,61.947
4,16,3,14,100298,200.418,62.001
4,16,3,15,100299,200.431,61.934
4,16,3,16,100300,200.437,61.878
4,16,4,1,100333,13.704,60.664
4,16,4,2,100334,13.635,60.622
4,16,4,3,100335,13.547,60.618
4,16,4,4,100336,13.546,60.594
4,16,4,5,100337,74.173,62.681
4,16,4,6,100338,74.169,62.747
4,16,4,7,100339,74.189,62.617
4,16,4,8,100340,74.182,62.640
4,16,4,9,100341,136.914,61.214
4,16,4,10,100342,136.908,61.224
4,16,4,11,100344,136.869,61.200
4,16,4,12,100343,137.092,61.078
4,16,4,13,100345,198.087,61.938
4,16,4,14,100347,198.040,61.943
4,16,4,15,100346,198.059,61.941
4,16,4,16,100348,198.062,61.901
4,16,5,1,100349,14.468,63.130
4,16,5,2,100350,14.465,63.042
4,16,5,3,100351,14.505,63.001
4,16,5,4,100352,14.516,62.986
4,16,5,5,100353,77.535,62.393
4,16,5,6,100354,77.544,62.378
4,16,5,7,100355,77.552,62.351
4,16,5,8,100356,77.559,62.284
4,16,5,9,100357,139.888,62.425
4,16,5,10,100358,139.941,62.365
4,16,5,11,100359,139.957,62.342
4,16,5,12,100360,139.965,62.334
4,16,5,13,100361,202.335,61.827
4,16,5,14,100362,202.346,61.808
4,16,5,15,100363,202.353,61.801
4,16,5,16,100364,202.374,61.780
4,16,6,1,100398,14.792,62.445
4,16,6,2,100397,14.968,62.255
4,16,6,3,100399,14.848,62.349
4,16,6,4,100400,14.887,62.322
4,16,6,5,100401,77.124,61.610
4,16,6,6,100402,77.259,61.509
4,16,6,7,100403,77.261,61.489
4,16,6,8,100404,77.264,61.497
4,16,6,9,100405,138.760,62.606
4,16,6,10,100406,138.778,62.583
4,16,6,11,100407,138.790,62.582
4,16,6,12,100408,138.797,62.574
4,16,6,13,100409,201.407,61.339
4,16,6,14,100411,201.412,61.349
4,16,6,15,100412,201.418,61.344
4,16,6,16,100410,201.443,61.305
4,16,7,1,100413,14.620,62.312
4,16,7,2,100414,14.626,62.233
4,16,7,3,100415,14.715,62.100
4,16,7,4,100416,14.715,62.129
4,16,7,5,100417,76.843,62.796
4,16,7,6,100418,76.878,62.789
4,16,7,7,100419,76.878,62.767
4,16,7,8,100420,76.884,62.653
4,16,7,9,100421,139.560,63.273
4,16,7,10,100422,139.635,63.175
4,16,7,11,100423,139.634,63.176
4,16,7,12,100424,139.641,63.204
4,16,7,13,100425,202.816,62.086
4,16,7,14,100426,202.813,62.106
4,16,7,15,100427,202.812,62.066
4,16,7,16,100428,202.838,62.031
