workers,simultaneous_rooms,samples,queue_p50_ms,queue_p95_ms,queue_max_ms,processing_p50_ms,processing_p95_ms,processing_max_ms
1,1,7,12.542,16.367,16.367,62.108,63.844,63.844
1,2,14,15.236,77.510,77.510,62.016,62.971,62.971
1,4,28,78.134,202.836,203.837,62.128,63.075,63.103
1,8,56,202.828,451.776,453.362,62.361,63.455,63.876
1,16,112,452.032,941.283,953.347,62.272,63.632,64.192
4,1,7,13.649,14.824,14.824,62.164,62.627,62.627
4,2,14,14.070,15.920,15.920,62.402,63.380,63.380
4,4,28,14.154,15.311,15.368,62.570,63.244,63.336
4,8,56,16.180,77.915,77.928,62.255,63.542,63.565
4,16,112,77.984,202.353,202.838,62.365,63.280,63.999
